{
  "vocab_hash": "",
  "judged": {
    "AI产能过剩||人类裁决者": 1782660600.4799995,
    "人类裁决者||信任机制": 1782660600.4799995,
    "人类裁决者||责任归属": 1782660600.4799995,
    "人类裁决者||验收与问责": 1782660600.4799995,
    "AI协作流程||可问责信任链": 1782660600.4799995,
    "AI工具||可问责信任链": 1782660600.4799995,
    "AI产能过剩||AI协作流程": 1782660600.4799995,
    "AI产能过剩||AI工具": 1782660600.4799995,
    "AI协作流程||AI编码代理": 1782660600.4799995,
    "AI协作流程||信任机制": 1782660600.4799995,
    "AI协作流程||验收与问责": 1782660600.4799995,
    "AI工具||AI编码代理": 1782660600.4799995,
    "AI工具||对抗式验收": 1782660600.4799995,
    "信任机制||可问责信任链": 1782660600.4799995,
    "可问责信任链||对抗式验收": 1782660600.4799995,
    "可问责信任链||验收与问责": 1782660600.4799995,
    "AI编码代理||人类裁决者": 1782747000.5399995,
    "人类裁决者||代码审查": 1782747000.5399995,
    "即时满足内容||推荐算法": 1782747000.5399995,
    "商业策略框架||长期用户价值": 1782747000.5399995,
    "完播率||推荐算法": 1782747000.5399995,
    "推荐算法||次月留存": 1782747000.5399995,
    "推荐算法||评估指标": 1782747000.5399995,
    "AI协作流程||产能与责任": 1782747000.5399995,
    "AI工具||产能与责任": 1782747000.5399995,
    "LTV||长期用户价值": 1782747000.5399995,
    "eCPM||长期用户价值": 1782747000.5399995,
    "即时满足内容||长期用户价值": 1782747000.5399995,
    "短期与长期权衡||长期用户价值": 1782747000.5399995,
    "产能与责任||可问责信任链": 1782747000.5399995,
    "商业策略框架||注意力经济": 1782747000.5399995,
    "AI产能过剩||AI编码代理": 1782747000.5399995,
    "LTV||商业策略框架": 1782833400.6399994,
    "LTV||慢内容": 1782833400.6399994,
    "LTV||注意力经济": 1782833400.6399994,
    "eCPM||内容生态": 1782833400.6399994,
    "利润品||慢内容": 1782833400.6399994,
    "利润品||注意力经济": 1782833400.6399994,
    "即时满足内容||注意力经济": 1782833400.6399994,
    "商业策略框架||短期与长期权衡": 1782833400.6399994,
    "完播率||慢内容": 1782833400.6399994,
    "完播率||注意力经济": 1782833400.6399994,
    "延迟指标||慢内容": 1782833400.6399994,
    "延迟指标||注意力经济": 1782833400.6399994,
    "引流品||慢内容": 1782833400.6399994,
    "引流品||注意力经济": 1782833400.6399994,
    "慢内容||次月留存": 1782833400.6399994,
    "慢内容||短期与长期权衡": 1782833400.6399994,
    "人类裁决者||商业策略框架": 1782919800.5799994,
    "AI协作流程||商业策略框架": 1782919800.5799994,
    "AI产能过剩||推荐算法": 1782919800.5799994,
    "AI产能过剩||深度工作": 1782919800.5799994,
    "AI产能过剩||长期用户价值": 1782919800.5799994,
    "AI工具||推荐算法": 1782919800.5799994,
    "人类裁决者||注意力经济": 1782919800.5799994,
    "AI产能过剩||慢内容": 1782919800.5799994,
    "AI工具||注意力经济": 1782919800.5799994,
    "可问责信任链||商业策略框架": 1782919800.5799994,
    "AI产能过剩||eCPM": 1782919800.5799994,
    "AI产能过剩||专注力": 1782919800.5799994,
    "AI产能过剩||内容生态": 1782919800.5799994,
    "AI工具||慢内容": 1782919800.5799994,
    "产能与责任||商业策略框架": 1782919800.5799994,
    "人类裁决者||认知与新鲜感": 1782919800.5799994,
    "AI协作流程||慢内容": 1783006200.7199993,
    "AI协作流程||内容生态": 1783006200.7199993,
    "AI协作流程||写作": 1783006200.7199993,
    "AI协作流程||数字游民": 1783006200.7199993,
    "人类裁决者||深度工作": 1783006200.7199993,
    "商业策略框架||深度工作": 1783006200.7199993,
    "AI协作流程||专注力": 1783006200.7199993,
    "AI协作流程||认知与新鲜感": 1783006200.7199993,
    "AI工具||深度工作": 1783006200.7199993,
    "可问责信任链||深度工作": 1783006200.7199993,
    "AI协作流程||统计口径": 1783006200.7199993,
    "AI协作流程||自由与规律": 1783006200.7199993,
    "AI协作流程||责任归属": 1783006200.7199993,
    "AI协作流程||远程工作": 1783006200.7199993,
    "AI协作流程||阅读迁移": 1783006200.7199993,
    "推荐算法||深度工作": 1783006200.7199993,
    "写作||商业策略框架": 1783092600.3599997,
    "写作||可问责信任链": 1783092600.3599997,
    "写作||推荐算法": 1783092600.3599997,
    "写作||注意力经济": 1783092600.3599997,
    "写作||深度内容": 1783092600.3599997,
    "写作||长期用户价值": 1783092600.3599997,
    "产能与责任||写作": 1783092600.3599997,
    "写作||对抗式验收": 1783092600.3599997,
    "写作||数字游民": 1783092600.3599997,
    "AI编码代理||写作": 1783092600.3599997,
    "eCPM||写作": 1783092600.3599997,
    "专注力||写作": 1783092600.3599997,
    "写作||认知与新鲜感": 1783092600.3599997,
    "AI产能过剩||深度内容": 1783092600.3599997,
    "AI工具||内容生态": 1783092600.3599997,
    "AI工具||深度内容": 1783092600.3599997,
    "写作||完播率": 1783179001.4799986,
    "写作||利润品": 1783179001.4799986,
    "写作||延迟指标": 1783179001.4799986,
    "写作||自由与规律": 1783179001.4799986,
    "写作||责任归属": 1783179001.4799986,
    "写作||远程工作": 1783179001.4799986,
    "写作||验收与问责": 1783179001.4799986,
    "AI产能过剩||信任机制": 1783179001.4799986,
    "AI工具||长期用户价值": 1783179001.4799986,
    "内容生态||可问责信任链": 1783179001.4799986,
    "可问责信任链||慢内容": 1783179001.4799986,
    "可问责信任链||推荐算法": 1783179001.4799986,
    "可问责信任链||长期用户价值": 1783179001.4799986,
    "信任机制||深度工作": 1783179001.4799986,
    "内容生态||深度工作": 1783179001.4799986,
    "可问责信任链||阅读迁移": 1783179001.4799986
  }
}