{
  "lib_hash": "478d06d0348c972947baef8868f88478ae7d9b7c",
  "suggested": {
    "merge_knowledge-0e73d582": 1782747000.3799996,
    "merge_knowledge-c26417b0": 1782747000.3799996,
    "merge_knowledge-3d1c3e07": 1782747000.3799996,
    "merge_knowledge-6e8e9974": 1782833400.2999997,
    "merge_knowledge-aa06a631": 1782833400.2999997,
    "merge_knowledge-afcb39c3": 1782919800.4599996,
    "merge_knowledge-9175f5eb": 1782919800.4599996,
    "merge_knowledge-3b5ac6ac": 1783092600.1399999
  }
}