{
  "lib_hash": "d25310225c8745b1fa71dcb54f73c8522ee5b990",
  "suggested": {
    "merge_knowledge-46874172": 1782747000.1999998,
    "merge_knowledge-792a39c9": 1782747000.1999998,
    "merge_knowledge-47410ed5": 1782747000.1999998,
    "merge_knowledge-8a241842": 1782833400.4399996,
    "merge_knowledge-52ad6040": 1782833400.4399996,
    "merge_knowledge-5aa2a960": 1782833400.4399996,
    "merge_knowledge-8e8ff927": 1782919800.3399997,
    "merge_knowledge-31b4a306": 1782919800.3399997,
    "merge_knowledge-af3a7bea": 1783006200.2799997,
    "merge_knowledge-b15100c3": 1783006200.2799997,
    "merge_knowledge-f922f272": 1783092600.1999998,
    "merge_knowledge-e0b23d9d": 1783092600.1999998
  }
}