{
  "vocab_hash": "b57161cd9174c5a1d3a280d2640508f05c65344b",
  "judged": {
    "AI代理||AI编码代理": 1782660600.3199997,
    "AI代理||代理": 1782660600.3199997,
    "AI编码代理||代理": 1782660600.3199997,
    "Agent||代码审查": 1782660600.3199997,
    "Agent||信任环节": 1782660600.3199997,
    "Copilot||代码审查": 1782660600.3199997,
    "Copilot||信任环节": 1782660600.3199997,
    "信任||信任环节": 1782660600.3199997,
    "信任||信任链": 1782660600.3199997,
    "信任||问责": 1782660600.3199997,
    "信任环节||信任链": 1782660600.3199997,
    "信任链||验证": 1782660600.3199997,
    "问责||验证": 1782660600.3199997,
    "即时满足内容||用户长期留存": 1782747000.4599996,
    "商业模式||推荐算法": 1782747000.4599996,
    "广告定价||用户长期留存": 1782747000.4599996,
    "推荐算法||深度内容": 1782747000.4599996,
    "LTV||用户LTV": 1782747000.4599996,
    "内容产品||内容型产品": 1782747000.4599996,
    "内容产品||即时满足内容": 1782747000.4599996,
    "内容产品||深度内容": 1782747000.4599996,
    "内容型产品||即时满足内容": 1782747000.4599996,
    "内容型产品||深度内容": 1782747000.4599996,
    "即时满足内容||广告单价": 1782747000.4599996,
    "即时满足内容||深度内容": 1782747000.4599996,
    "商业模式||广告单价": 1782747000.4599996,
    "广告单价||广告定价": 1782747000.4599996,
    "广告单价||深度内容": 1782747000.4599996,
    "AI代理||深度内容": 1783179000.6999993,
    "Agent||深度内容": 1783179000.6999993,
    "人类签收||深度内容": 1783179000.6999993,
    "信任链||深度内容": 1783179000.6999993,
    "Copilot||深度内容": 1783179000.6999993,
    "代码审查||深度内容": 1783179000.6999993,
    "内容排版||深度内容": 1783179000.6999993,
    "动线设计||深度内容": 1783179000.6999993,
    "对抗式验收||深度内容": 1783179000.6999993,
    "广告定价||深度内容": 1783179000.6999993,
    "AI代理||内容产品": 1783179000.6999993,
    "价值评估||用户长期留存": 1783179000.6999993,
    "Agent||内容产品": 1783179000.6999993,
    "AI编码代理||内容产品": 1783179000.6999993,
    "价值评估||变现": 1783179000.6999993,
    "内容型产品||变现": 1783179000.6999993
  }
}